--Datos para carga inicial de la base de datos

	
	
INSERT INTO competition (IDcompetition,NAME,TIPO,DISTANCE,InscriptionFee,InscriptionDateEnd,CompetitionDate,slots)
				VALUES (1, 'Carrera peq nicolas', 'CIUDAD', 20, 10,'2020-11-7', 2020-11-14,30); 

INSERT INTO competition (IDcompetition,NAME,TIPO,DISTANCE,InscriptionFee,InscriptionDateEnd,CompetitionDate,slots) 
				VALUES (2, 'Ruta Picos', 'RUTA', 10, 20,2020-12-1, '2020-12-10',30);

insert into competition(IDcompetition, name, tipo, distance, inscriptionFee, inscriptiondateend, competitiondate,slots) values
		('3', 'Carrera Prueba 2', 'CIUDAD', 15, 7, '2019-10-7', '2019-10-10',20);




INSERT INTO PARTICIPANTE (DNI,NAME,SURNAME,EMAIL,SEX,BIRTHDATE)
				VALUES ('000000001A', 'Francisco', 'Franco Bahamonte', 'paquito@movimiento.es', 'HOMBRE', '1975-11-20');
				
INSERT INTO PARTICIPANTE (DNI,NAME,SURNAME,EMAIL,SEX,BIRTHDATE)
				VALUES ('123123d', 'Jabiertzo', 'echearria', 'javi@gmail.chi', 'HOMBRE', '1992-3-1');
				
INSERT INTO PARTICIPANTE (DNI,NAME,SURNAME,EMAIL,SEX,BIRTHDATE)
				VALUES ('2352352352F', 'Benito', 'Mussolini', 'benit@fascio.ita', 'HOMBRE', '1939-10-8');
INSERT INTO PARTICIPANTE (DNI,NAME,SURNAME,EMAIL,SEX,BIRTHDATE)
				VALUES ('8568456F', 'Margaret', 'Thacher', 'marga@goverment.eng', 'MUJER', '2002-4-4');
INSERT INTO PARTICIPANTE (DNI,NAME,SURNAME,EMAIL,SEX,BIRTHDATE)
				VALUES ('9837598G', 'Maria Teresa', 'De calcula', 'sormaria@iglesia.com', 'MUJER', '1985-10-12');
INSERT INTO PARTICIPANTE (DNI,NAME,SURNAME,EMAIL,SEX,BIRTHDATE)
				VALUES ('2352352D', 'Santiago', 'Abascal', 'santi@vox.es', 'HOMBRE', '1989-1-2');
INSERT INTO PARTICIPANTE (DNI,NAME,SURNAME,EMAIL,SEX,BIRTHDATE)
				VALUES ('73472383B', 'Rosa', 'Diez', 'palpatine@emperador.gal', 'MUJER', '1994-2-25');




INSERT INTO INSCRIPCION (DNI,IDcompetition,INSCRIPTIONDATE,CATEGORY,INSCRIPTIONSTATE)
				VALUES ('2352352D', 1, '1997-12-1', 'SENIOR MASCULINO', 'PENDIENTE'); 
INSERT INTO INSCRIPCION (DNI,IDcompetition,INSCRIPTIONDATE,CATEGORY,INSCRIPTIONSTATE)
				VALUES ('73472383B', 1, '2021-12-1', 'SENIOR FEMENINO', 'PAGADO'); 
INSERT INTO INSCRIPCION (DNI,IDcompetition,INSCRIPTIONDATE,CATEGORY,INSCRIPTIONSTATE)
				VALUES ('2352352352F', 1, '2021-12-1', 'SENIOR MASCULINO', 'PENDIENTE'); 
				
INSERT INTO INSCRIPCION (DNI,IDcompetition,INSCRIPTIONDATE,CATEGORY,INSCRIPTIONSTATE)
				VALUES ('123123d', 1, '2020-12-1', 'veterano a', 'PAGADO'); 
INSERT INTO INSCRIPCION (DNI,IDcompetition,INSCRIPTIONDATE,CATEGORY,INSCRIPTIONSTATE)
				VALUES ('2352352352F', 2, '2021-12-1', 'veterano a', 'PAGADO');
INSERT INTO INSCRIPCION (DNI,IDcompetition,INSCRIPTIONDATE,CATEGORY,INSCRIPTIONSTATE)
				VALUES ('8568456F', 1, '2020-12-4', 'veterano a', 'PENDIENTE');
INSERT INTO INSCRIPCION (DNI,IDcompetition,INSCRIPTIONDATE,CATEGORY,INSCRIPTIONSTATE)
				VALUES ('9837598G', 1, '2022-6-7', 'veterano a', 'PAGADO');
INSERT INTO INSCRIPCION (DNI,IDcompetition,INSCRIPTIONDATE,CATEGORY,INSCRIPTIONSTATE)
				VALUES ('9837598G', 3, '2020-12-12', 'veterano a', 'PENDIENTE');
												